fileName,nodeCount,relationshipCount,processingTime,status,model,success_count,session_id,message,info,user,execution_date
About Amazon.pdf,81.0,37.0,94.72,Completed,openai-gpt-3.5,1.0,,,,,2024-07-18
CNN anchor breaks down transcript from second day of testimony in Trump hush money trial,58.0,0.0,44.71,Completed,openai-gpt-3.5,1.0,,,,,2024-07-18
,,,,,,,1.0,"Amazon is a multinational technology company founded by Jeff Bezos in 1993. Initially starting as an online bookstore, Amazon has since expanded its product offerings to include a wide range of categories such as electronics, clothing, home goods, and more. It has become one of the largest e-commerce platforms globally, known for its vast selection, competitive pricing, and convenient shopping experience. Amazon has also diversified its business by offering services like Amazon Prime, which provides fast shipping and access to streaming services, and Amazon Web Services (AWS), a cloud computing platform. With a focus on customer satisfaction and innovation, Amazon continues to be a dominant force in the retail industry.","{'sources': {'About Amazon.pdf'}, 'model': 'gpt-3.5-turbo-16k', 'chunkdetails': [{'id': '73bc9c9170bcd807d2fa87d87a0eeb3d82f95160', 'score': 0.8652}, {'id': '95e417a334a40edecf8ad5c4a14c06ebe315dccc', 'score': 0.8561}, {'id': '0a451fca5d3cb6267f5f606be5e359816d9d8c04', 'score': 0.8462}], 'total_tokens': 3379, 'response_time': 0, 'mode': 'graph+vector'}",chatbot,2024-07-18
,,,,,,,1.0,"Amazon is a multinational technology company founded by Jeff Bezos in 1993. Initially, it started as an online bookstore but has since expanded its offerings to include a wide range of products and services. Amazon is known for its e-commerce platform, which allows customers to purchase items online and have them delivered to their doorstep. The company has also ventured into various other sectors, such as cloud computing with Amazon Web Services (AWS), digital streaming with Amazon Prime Video, and smart home devices with Amazon Echo. Amazon's success can be attributed to its customer-centric approach, competitive pricing, and continuous innovation. It has become one of the largest and most influential companies in the world.","{'sources': {'About Amazon.pdf'}, 'model': 'gpt-3.5-turbo-16k', 'chunkdetails': [{'id': '73bc9c9170bcd807d2fa87d87a0eeb3d82f95160', 'score': 0.8049}, {'id': 'de5486776978353c9f8ac530bcff33eeecbdbbad', 'score': 0.7882}, {'id': '37a9965de5ffc04c883112ae0b44387831f0c2b6', 'score': 0.7612}], 'total_tokens': 1434, 'response_time': 0, 'mode': 'vector'}",chatbot,2024-07-18
About Amazon.pdf,32.0,37.0,42.69,Completed,azure_ai_gpt_35,1.0,,,,,2024-07-18
CNN anchor breaks down transcript from second day of testimony in Trump hush money trial,57.0,0.0,42.67,Completed,azure_ai_gpt_35,1.0,,,,,2024-07-18
,,,,,,,1.0,Something went wrong,"{'sources': [], 'chunkids': [], 'error': 'BadRequestError :- Error code: 400 - {\'error\': {\'message\': ""This model\'s maximum context length is 4096 tokens. However, your messages resulted in 5258 tokens. Please reduce the length of the messages."", \'type\': \'invalid_request_error\', \'param\': \'messages\', \'code\': \'context_length_exceeded\'}}', 'mode': 'graph+vector'}",chatbot,2024-07-18
,,,,,,,1.0,"Amazon is a multinational technology company founded by Jeff Bezos in 1993. Initially, it started as an online bookstore but has since expanded its offerings to include a wide range of products and services. Amazon is known for its e-commerce platform, which allows customers to purchase items online and have them delivered to their doorstep. The company has also ventured into various other sectors, such as cloud computing with Amazon Web Services (AWS), digital streaming with Amazon Prime Video, and smart home devices with Amazon Echo. Amazon's success can be attributed to its customer-centric approach, competitive pricing, and continuous innovation.","{'sources': {'About Amazon.pdf'}, 'model': 'gpt-35', 'chunkdetails': [{'id': '73bc9c9170bcd807d2fa87d87a0eeb3d82f95160', 'score': 0.8049}, {'id': 'de5486776978353c9f8ac530bcff33eeecbdbbad', 'score': 0.7882}, {'id': '37a9965de5ffc04c883112ae0b44387831f0c2b6', 'score': 0.7612}], 'total_tokens': 1419, 'response_time': 0, 'mode': 'vector'}",chatbot,2024-07-18
About Amazon.pdf,37.0,23.0,28.51,Completed,azure_ai_gpt_4o,1.0,,,,,2024-07-18
CNN anchor breaks down transcript from second day of testimony in Trump hush money trial,17.0,7.0,25.2,Completed,azure_ai_gpt_4o,1.0,,,,,2024-07-18
,,,,,,,1.0,"Amazon, founded by Jeff Bezos in 1993, initially started as an online bookstore. Over the years, it has transformed into a massive e-commerce platform, aiming to be a place where customers can purchase almost anything online. The company has grown significantly, leveraging technological advancements in computational power, bandwidth, and data to expand its offerings.

Amazon's business strategy has evolved to include mergers and acquisitions, helping it diversify and strengthen its market position. Despite its success, Amazon faces challenges such as the need for margin expansion to prevent a drop in share price and the necessity to upgrade its aging data centers to avoid service outages.

The company has also invested heavily in long-term projects like video content and distribution centers, although the benefits of these investments are not immediately clear. Amazon's competitive advantages include a strong customer base, extensive selection of goods, and a focus on convenience and customer service. However, it must continue to innovate and invest in new revenue-generating projects to stay ahead in the competitive e-commerce industry.","{'sources': {'About Amazon.pdf'}, 'model': 'gpt-4o', 'chunkdetails': [{'id': 'de5486776978353c9f8ac530bcff33eeecbdbbad', 'score': 0.8206}, {'id': '73bc9c9170bcd807d2fa87d87a0eeb3d82f95160', 'score': 0.795}, {'id': '0a451fca5d3cb6267f5f606be5e359816d9d8c04', 'score': 0.7871}], 'total_tokens': 3537, 'response_time': 0, 'mode': 'graph+vector'}",chatbot,2024-07-18
,,,,,,,1.0,"Amazon was founded in 1993 by Jeff Bezos, initially starting as an online bookstore. Over time, it expanded its business strategy through mergers and acquisitions, transforming into a major retail and technology company. Today, Amazon sells products in over forty categories, including books, electronics, and groceries. It operates as a logistics platform, search engine, internet advertising platform, and IT platform. Key areas of focus for Amazon include low prices, convenience, selection, and availability. Despite its growth, Amazon faces challenges such as the need for margin expansion and the realization of benefits from investments in video content and distribution centers. The company aims to maintain its competitive advantages by leveraging technological progress and expanding in emerging markets.","{'sources': {'About Amazon.pdf'}, 'model': 'gpt-4o', 'chunkdetails': [{'id': '73bc9c9170bcd807d2fa87d87a0eeb3d82f95160', 'score': 0.8094}, {'id': 'de5486776978353c9f8ac530bcff33eeecbdbbad', 'score': 0.7635}, {'id': 'ef55bfbcbcb29540e979fba831f2d0c35a175fe3', 'score': 0.7471}], 'total_tokens': 1412, 'response_time': 0, 'mode': 'vector'}",chatbot,2024-07-18
About Amazon.pdf,34.0,0.0,25.19,Completed,anthropic_claude_3_5_sonnet,1.0,,,,,2024-07-18
CNN anchor breaks down transcript from second day of testimony in Trump hush money trial,19.0,5.0,26.51,Completed,anthropic_claude_3_5_sonnet,1.0,,,,,2024-07-18
,,,,,,,1.0,"Certainly! Based on the context provided, here's what I can tell you about Amazon:

Amazon was founded in 1993 by Jeff Bezos, initially as an online bookstore. Over time, it has transformed into a massive retail and technology company. Here are some key points about Amazon:

1. Evolution: Amazon started as a bookstore but has expanded to sell products in over forty categories, including electronics, groceries, and more.

2. Business model: Today, Amazon operates as a logistics platform, search engine, internet advertising platform, e-commerce site, and IT platform.

3. Key focus areas: Amazon emphasizes low prices, convenience, wide selection, and product availability.

4. Growth strategy: The company has pursued a corporate-level strategy focused on mergers and acquisitions, which has contributed to its success.

5. Financial growth: Amazon has grown from a garage-based bookstore to a $48 billion retail giant, largely due to technological advancements in areas like computational power, bandwidth, and data storage.

6. Current challenges: Amazon faces challenges in margin expansion and realizing benefits from long-term investments in areas like video content and distribution centers.

7. Future outlook: The company aims to maintain its competitive advantages by leveraging its core competencies and focusing on success in emerging markets.

Amazon's goal is to be a one-stop online shopping destination where customers can purchase virtually anything they need.","{'sources': {'About Amazon.pdf'}, 'model': 'claude-3-5-sonnet-20240620', 'chunkdetails': [{'id': '73bc9c9170bcd807d2fa87d87a0eeb3d82f95160', 'score': 0.827}, {'id': 'de5486776978353c9f8ac530bcff33eeecbdbbad', 'score': 0.7762}, {'id': 'ef55bfbcbcb29540e979fba831f2d0c35a175fe3', 'score': 0.7741}], 'total_tokens': 4082, 'response_time': 0, 'mode': 'graph+vector'}",chatbot,2024-07-18
,,,,,,,1.0,"Certainly! Based on the context provided, here's what I can tell you about Amazon:

Amazon was founded in 1993 by Jeff Bezos, initially as an online bookstore. The company's growth was slow at first, not turning a profit for over 7 years after its founding. However, it gained momentum during the dot-com bubble and became known as the ""world's largest bookstore.""

Over time, Amazon transformed its business strategy, focusing on mergers and acquisitions to expand its offerings. Today, Amazon's goal is to be a one-stop shop for customers to purchase anything online. The company has grown from a garage-based bookstore into a $48 billion retail giant.

Amazon now sells products in over 40 categories, ranging from books to electronics and groceries. It has evolved beyond just e-commerce to become:

1. A logistics platform
2. A search engine
3. An Internet advertising platform
4. An IT platform

The key areas of focus for Amazon are:
1. Low prices
2. Convenience
3. Wide selection
4. Product availability

Amazon's growth has been fueled by technological advancements, particularly in computational power, bandwidth, and data storage technologies. However, the company faces challenges, including the need for margin expansion and realizing benefits from its significant investments in technology and distribution centers.

Despite these challenges, Amazon continues to focus on maintaining its competitive advantages and expanding in emerging markets to ensure future success.","{'sources': {'About Amazon.pdf'}, 'model': 'claude-3-5-sonnet-20240620', 'chunkdetails': [{'id': '73bc9c9170bcd807d2fa87d87a0eeb3d82f95160', 'score': 0.827}, {'id': 'de5486776978353c9f8ac530bcff33eeecbdbbad', 'score': 0.7762}, {'id': 'ef55bfbcbcb29540e979fba831f2d0c35a175fe3', 'score': 0.7741}], 'total_tokens': 1791, 'response_time': 0, 'mode': 'vector'}",chatbot,2024-07-18
About Amazon.pdf,0.0,0.0,19.1,Completed,fireworks_llama_v3_70b,1.0,,,,,2024-07-18
CNN anchor breaks down transcript from second day of testimony in Trump hush money trial,0.0,0.0,16.35,Completed,fireworks_llama_v3_70b,1.0,,,,,2024-07-18
,,,,,,,1.0,"Amazon is a multinational technology company that focuses on e-commerce, cloud computing, and artificial intelligence. Founded in 1993 by Jeff Bezos, it started as an online bookstore and has since grown into a global retail and technology giant.

Today, Amazon sells products in over 40 categories, including books, electronics, groceries, and more. The company operates as a logistics platform, search engine, advertising platform, and IT platform, making it a one-stop online shopping destination.

Amazon's key areas of focus are low prices, convenience, selection, and availability. The company has achieved significant growth through mergers and acquisitions, and it continues to expand its presence in emerging markets.

However, Amazon faces challenges such as margin expansion and realizing benefits from its investments. To maintain its competitive edge, the company is investing in new projects that generate revenue and reflect its value.

Some interesting facts about Amazon include:

* It has transformed from a garage-based bookstore into a $48 billion retail machine.
* The company has improved its services through technological progress, including computational power, bandwidth, and data storage.
* Amazon operates as a major player in the e-commerce industry, competing with companies like Barnes & Noble, eBay, and Walmart.

Overall, Amazon is a pioneering company that has revolutionized the way people shop and has become a household name.","{'sources': {'About Amazon.pdf'}, 'model': 'accounts/fireworks/models/llama-v3-70b-instruct', 'chunkdetails': [{'id': '73bc9c9170bcd807d2fa87d87a0eeb3d82f95160', 'score': 0.8454}, {'id': 'ef55bfbcbcb29540e979fba831f2d0c35a175fe3', 'score': 0.8062}, {'id': 'de5486776978353c9f8ac530bcff33eeecbdbbad', 'score': 0.7977}], 'total_tokens': 3743, 'response_time': 0, 'mode': 'graph+vector'}",chatbot,2024-07-18
,,,,,,,1.0,"Amazon was founded in 1993 by Jeff Bezos as an online bookstore. Initially, the company's growth was slow, and it didn't turn a profit until seven years after its founding. However, with the momentum provided by the dot-com bubble, Amazon became widely known as the place to shop for books, earning the title of ""world's largest bookstore."" Over time, Amazon transformed its corporate-level strategy into a mergers and acquisitions approach, which proved to be highly successful. Today, Amazon's goal is to be a one-stop online shop where customers can purchase anything. The company has evolved from a garage-based bookstore into a $48 billion retail machine, thanks to the power of technological progress.","{'sources': {'About Amazon.pdf'}, 'model': 'accounts/fireworks/models/llama-v3-70b-instruct', 'chunkdetails': [{'id': '73bc9c9170bcd807d2fa87d87a0eeb3d82f95160', 'score': 0.8454}, {'id': 'ef55bfbcbcb29540e979fba831f2d0c35a175fe3', 'score': 0.8062}, {'id': 'de5486776978353c9f8ac530bcff33eeecbdbbad', 'score': 0.7977}], 'total_tokens': 1443, 'response_time': 0, 'mode': 'vector'}",chatbot,2024-07-18
About Amazon.pdf,4.0,0.0,31.48,Completed,bedrock_claude_3_5_sonnet,1.0,,,,,2024-07-18
CNN anchor breaks down transcript from second day of testimony in Trump hush money trial,0.0,0.0,29.09,Completed,bedrock_claude_3_5_sonnet,1.0,,,,,2024-07-18
,,,,,,,1.0,"Here are some key points about Amazon based on the provided context:

- Amazon was founded in 1993 by Jeff Bezos, initially as an online bookstore. Its growth was slow in the early years, not turning a profit until over 7 years after its founding.

- Amazon's goal today is to be a place where customers can purchase anything online. It has transformed from a bookstore into a $48 billion retail business selling products across over 40 categories like books, electronics, and groceries.

- Amazon acts as a logistics platform, search engine, advertising platform, e-commerce platform, and IT platform in addition to retail.

- Key areas of focus for Amazon are low prices, convenience, selection, and availability of products for customers.

- Amazon's growth was enabled by technological progress that made computational power, bandwidth, and data storage cheaper over time.

- Amazon exploits opportunities in emerging markets like China and India where rising purchasing power drives demand for online shopping.

Let me know if you need any other details about Amazon's background, business model or strategies based on the given context.","{'sources': {'About Amazon.pdf'}, 'model': 'anthropic.claude-3-sonnet-20240229-v1:0', 'chunkdetails': [{'id': '73bc9c9170bcd807d2fa87d87a0eeb3d82f95160', 'score': 0.78}, {'id': 'ef55bfbcbcb29540e979fba831f2d0c35a175fe3', 'score': 0.7425}, {'id': '0de513f9f4234a1cc25640508b1e8969d9157e15', 'score': 0.7335}, {'id': '73bc9c9170bcd807d2fa87d87a0eeb3d82f95160', 'score': 0.78}, {'id': 'ef55bfbcbcb29540e979fba831f2d0c35a175fe3', 'score': 0.7425}, {'id': '0de513f9f4234a1cc25640508b1e8969d9157e15', 'score': 0.7335}], 'total_tokens': 5694, 'response_time': 0, 'mode': 'graph+vector'}",chatbot,2024-07-18
,,,,,,,1.0,"Here are some key details about Amazon based on the provided context:

Company Background:
- Founded in 1993 by Jeff Bezos, initially as an online bookstore
- Grew slowly in the early years, not turning a profit until over 7 years after founding
- Gained momentum from the dot-com bubble
- Transformed into a $48 billion retail business by leveraging technological progress

Business Strategy:
- Goal is to be a place where customers can purchase anything online
- Transitioned corporate strategy to focus on mergers and acquisitions
- Able to offer low prices by reducing overhead costs of not having retail locations
- Provides large product selection and emphasizes customer service/convenience

Competitive Landscape:
- High threat of substitute products/services from competitors
- Rivalry among competing online retailers is high
- Amazon's competitive advantages are patented technology, customer service, and convenience

Future Outlook:
- Faces challenges to maintain competitive advantages 
- Needs to react swiftly to changes in the market
- Success in emerging markets will be key for future growth

Let me know if you need any clarification or have additional questions!","{'sources': {'About Amazon.pdf'}, 'model': 'anthropic.claude-3-sonnet-20240229-v1:0', 'chunkdetails': [{'id': '73bc9c9170bcd807d2fa87d87a0eeb3d82f95160', 'score': 0.8084}, {'id': 'de5486776978353c9f8ac530bcff33eeecbdbbad', 'score': 0.756}, {'id': '37a9965de5ffc04c883112ae0b44387831f0c2b6', 'score': 0.7346}], 'total_tokens': 1695, 'response_time': 0, 'mode': 'vector'}",chatbot,2024-07-18
